<?xml version="1.0" encoding="utf-8"?>
<extension version="3.3.0" type="plugin" group="content" method="upgrade">
	<name>plg_content_inlineeditor</name>
	<author>Joomla! Project</author>
	<creationDate>2014-07-20</creationDate>
	<copyright>Copyright (C) 2005 - 2014 Open Source Matters. All rights reserved.</copyright>
	<license>GNU General Public License version 2 or later; see LICENSE.txt</license>
	<authorEmail>admin@joomla.org</authorEmail>
	<authorUrl>www.joomla.org</authorUrl>
	<version>3.4.0</version>
	<description>PLG_CONTENT_INLINEEDITOR_XML_DESCRIPTION</description>
	<files>
		<filename plugin="inlineeditor">inlineeditor.php</filename>
		<filename>index.html</filename>
		<folder>language</folder>
	</files>
</extension>
